Workbook
Name ACTION: #REF!

Sheet Cover
E2: SYSTEM TEST CASE
B4: Project Name | C4: Movie Theater | F4: Creator | G4: HaLTH
B5: Project Code | C5: MT01SP25 | F5: Reviewer/Approver
B6: Document Code | C6: =C5&"_"&"Test Report"&"_"&"v1.0" -> MT01SP25_Test Report_v1.0 | F6: Issue Date | G6: 45541
F7: Version | G7: 1.0
B10: Record of change
B11: Effective Date | C11: Version | D11: Change Item | E11: *A,D,M | F11: Change description | G11: Reference
B12: 45541 | C12: 1.0 | D12: New document | E12: A | F12: Create test document | G12: N/A

Sheet Test Report
B1: TEST REPORT
B3: Project Name | C3: Movie Theater | E3: Creator | H3: HaLTH
B4: Project Code | C4: MT01SP25 | E4: Reviewer/Approver
B5: Document Code | C5: =C4&"_"&"Test Report"&"_"&"v1.0" -> MT01SP25_Test Report_v1.0 | E5: Issue Date
B6: Notes | C6: Including 17 functions test
B10: No | C10: Module code | D10: Pass | E10: Fail | F10: Untested | G10: N/A | H10: Number of test cases | I10: % Passed of tests
B11: 1 | C11: Member_Login | D11: =Member_Login!C6 -> 6 | E11: =Member_Login!D6 -> 0 | F11: =Member_Login!E6 -> 0 | G11: =Member_Login!F6 -> 1 | H11: =Member_Login!G6 -> 7 | I11: =Member_Login!B6 -> 0.85714286
C12: Sub total | D12: =SUM(D11:D11) -> 6 | E12: =SUM(E9:E11) -> 0 | F12: =SUM(F9:F11) -> 0 | G12: =SUM(G9:G11) -> 1 | H12: =SUM(H11:H11) -> 7 | I12: =SUM(I11:I11)/COUNT(I11:I11) -> 0.85714286
C14: Test coverage | E14: =(D12+E12)*100/(H12-G12) -> 100 | F14: %
C15: Test successful coverage | E15: =D12*100/(H12-G12) -> 100 | F15: %
C16: Test passed percentage | E16: =I12 -> 0.85714286

Sheet Test Case List
D1: TEST CASE LIST
B3: Project Name | D3: Movie Theater
B4: Project Code | D4: MT01SP25
B5: Test Environment Setup Description | D5: 1. PostgreSQL 2. Web 3. Microsoft Edge/Chrome
B8: No | C8: Function Name | D8: Sheet Name | E8: Description | F8: Pre-Condition
B9: 1 | C9: Member_Login | D9: Member_Login | E9: Test the member login functionality | F9: Valid username/password

Sheet Member_Login
B2: Module Code | C2: Member_Login | M2: Pass
B3: Test requirement | M3: Fail
B4: Reference Document | M4: Untesed
B5: % Passed of tests | C5: Pass | D5: Fail | E5: Untested | F5: N/A | G5: Number of Test cases | M5: N/A
B6: =AVERAGE(L:L) -> 0.85714286 | C6: =COUNTIF(G10:G995, "Pass") -> 6 | D6: =COUNTIF(G10:G995,"Fail") -> 0 | E6: =G6-F6-D6-C6 -> 0 | F6: =COUNTIF(G10:G995,"N/A") -> 1 | G6: =COUNTA(B10:B995) -> 7
B9: ID | C9: Test Case Description | D9: Test Case Procedure | E9: Expected Results | F9: Inter-test case Dependence | G9: Result | H9: Test date | I9: Tester | J9: Number of tests | K9: Passed | L9: % Passed | M9: Note | N9: Bug Evidence 1st | O9: Bug Evidence 2nd | P9: Bug Evidence 3rd
B10: =IF(OR(C10<>"",E10<>""),"["&TEXT($C$2,"##")&"-"&TEXT(ROW(C10)-9,"##")&"]","") -> [Member_Login-1] | C10: Login with Admin successful | D10: 1. Navigate to login page 2. Input valid email "admin@example.com" 3. Input valid password "Admin123!" 4. Click "Login" button | E10: - Logged in successfully - Redirected to Admin Dashboard | G10: Pass | H10: 45821 | I10: HaLTH | J10: 3 | K10: 3 | L10: =K10/J10 -> 1
B11: =IF(OR(C11<>"",E11<>""),"["&TEXT($C$2,"##")&"-"&TEXT(ROW()-9,"##")&"]","") -> [Member_Login-2] | C11: Login with Staff successful | D11: 1. Navigate to login page 2. Input valid email "staff@example.com" 3. Input valid password "Staff123!" 4. Click "Login" button | E11: - Logged in successfully - Redirected to Staff Interface | G11: Pass | H11: 45821 | I11: HaLTH | J11: 3 | K11: 3 | L11: =K11/J11 -> 1
B12: =IF(OR(C12<>"",E12<>""),"["&TEXT($C$2,"##")&"-"&TEXT(ROW()-9,"##")&"]","") -> [Member_Login-3] | C12: Login with Member successful | D12: 1. Navigate to login page 2. Input valid email "member@example.com" 3. Input valid password "Member123!" 4. Click "Login" button | E12: - Logged in successfully - Redirected to Member Homepage | G12: Pass | H12: 45821 | I12: HaLTH | J12: 3 | K12: 3 | L12: =K12/J12 -> 1
B13: =IF(OR(C13<>"",E13<>""),"["&TEXT($C$2,"##")&"-"&TEXT(ROW()-9,"##")&"]","") -> [Member_Login-4] | C13: Login with invalid credentials | D13: 1. Navigate to login page 2. Input valid email "admin@example.com" 3. Input invalid password "wrongpass" 4. Click "Login" button | E13: - Show error "Email/password is invalid. Please try again!" | G13: Pass | H13: 45821 | I13: HaLTH | J13: 3 | K13: 3 | L13: =K13/J13 -> 1
B14: =IF(OR(C14<>"",E14<>""),"["&TEXT($C$2,"##")&"-"&TEXT(ROW()-9,"##")&"]","") -> [Member_Login-5] | C14: Login with non-existent user | D14: 1. Navigate to login page 2. Input invalid email "nonexistent@example.com" 3. Input any password "Test123!" 4. Click "Login" button | E14: - Show error "Email/password is invalid. Please try again!" | G14: Pass | H14: 45821 | I14: HaLTH | J14: 4 | K14: 4 | L14: =K14/J14 -> 1
B15: =IF(OR(C15<>"",E15<>""),"["&TEXT($C$2,"##")&"-"&TEXT(ROW()-9,"##")&"]","") -> [Member_Login-6] | C15: Login with locked account | D15: 1. Navigate to login page 2. Input locked account email "locked@example.com" 3. Input valid password "Locked123!" 4. Click "Login" button | E15: - Show error "Account has been locked!" | G15: Pass | H15: 45821 | I15: HaLTH | J15: 3 | K15: 3 | L15: =K15/J15 -> 1
B16: =IF(OR(C16<>"",E16<>""),"["&TEXT($C$2,"##")&"-"&TEXT(ROW()-9,"##")&"]","") -> [Member_Login-7] | C16: Verify login page security | D16: 1. Navigate to login page 2. Inspect input fields for email and password | E16: - Input fields are secure (e.g., password field masked) | G16: N/A | H16: 45821 | I16: HaLTH | J16: 3 | K16: 0 | L16: =K16/J16 -> 0
